from,to,year,tidligere_kommunenavn
130,102,1839,Tune
130,130,1839,Tune
130,114,1861,Tune
130,130,1861,Tune
130,120,1902,Rødenes
120,121,1902,Rødenes
118,118,1908,Aremark
118,119,1908,Aremark
113,112,1910,Borge
113,113,1910,Borge
132,132,1908,Glemmen
132,133,1908,Glemmen
130,130,1911,Tune
130,131,1911,Tune
128,128,1917,Rakkestad
128,129,1917,Rakkestad
125,125,1920,Eidsberg
125,126,1920,Eidsberg
104,104,1943,Moss
194,104,1943,Jeløy
125,125,1961,Eidsberg
126,125,1961,Mysen
103,103,1964,Fredrikstad
112,103,1964,Torsnes
113,103,1964,Borge
132,103,1964,Glemmen
112,113,1964,Torsnes
113,113,1964,Borge
119,119,1964,Øymark
120,119,1964,Rødenes
128,128,1964,Rakkestad
129,128,1964,Degernes
101,101,1967,Halden
116,101,1967,Berg
117,101,1967,Idd
102,105,1992,Sarpsborg
114,105,1992,Varteig
115,105,1992,Skjeberg
130,105,1992,Tune
103,106,1994,Fredrikstad
113,106,1994,Borge
131,106,1994,Rolvsøy
133,106,1994,Kråkerøy
134,106,1994,Onsøy
201,201,1847,Son/Hølen
201,204,1847,Son/Hølen
239,239,1870,Hurdal
239,240,1870,Hurdal
221,221,1905,Høland
221,223,1905,Høland
231,230,1908,Skedsmo
231,231,1908,Skedsmo
231,232,1908,Skedsmo
216,216,1915,Nesodden
216,217,1915,Nesodden
224,224,1919,Aurskog
224,225,1919,Aurskog
221,221,1924,Høland
221,222,1924,Høland
227,227,1929,Fet
227,228,1929,Fet
212,212,1931,Kråkstad
212,213,1931,Kråkstad
204,211,1943,Hølen
211,211,1943,Vestby
218,301,1948,Aker
301,301,1948,Oslo
203,215,1962,Drøbak
215,215,1962,Frogn
,226,1962,Blaker
226,226,1962,Sørum
231,231,1962,Skedsmo
232,231,1962,Lillestrøm
201,211,1964,Son
211,211,1964,Vestby
212,213,1964,Kråkstad
213,213,1964,Ski
237,237,1964,Eidsvoll
240,237,1964,Feiring
221,221,1966,Søndre Høland
222,221,1966,Nordre Høland
223,221,1966,Setskog
224,221,1966,Aurskog
301,301,1925,Kristiania
414,401,1848,Vang
414,414,1848,Vang
424,424,1849,Hof
424,425,1849,Hof
425,425,1854,Åsnes og Våler
425,426,1854,Åsnes og Våler
421,402,1855,Vinger
421,421,1855,Vinger
421,420,1864,Vinger
421,421,1864,Vinger
437,437,1864,Tynset
437,438,1864,Tynset
423,423,1867,Grue
423,422,1867,Grue
432,432,1880,Rendal
432,433,1880,Rendal
414,413,1891,Vang
414,414,1891,Vang
438,438,1914,Alvdal
438,439,1914,Alvdal
436,435,1926,Tolga
436,436,1926,Tolga
435,436,1976,Tolga-Os
435,441,1976,Tolga-Os
424,425,1963,Hof
425,425,1963,Åsnes
411,412,1964,Nes
412,412,1964,Ringsaker
413,412,1964,Furnes
414,412,1964,Vang
416,417,1964,Romedal
417,417,1964,Stange
402,421,1964,Kongsvinger
421,421,1964,Vinger
422,421,1964,Brandvall
430,430,1965,Stor-Elvdal
431,430,1965,Sollia
432,432,1965,Ytre Rendal
433,432,1965,Øvre Rendal
435,435,1966,Os
436,435,1966,Tolga
401,403,3360,Hamar
414,403,3360,Vang
412,403,3360,Ringsaker
,434,1911,
421,402,1965,Kongsvinger
536,536,1847,Land
536,538,1847,Land
543,543,1849,Slidre
543,544,1849,Slidre
518,518,1851,Fron
518,519,1851,Fron
527,502,1861,Vardal
527,527,1861,Vardal
512,511,1863,Lesja
512,512,1863,Lesja
520,520,1864,Ringebu
520,580,1864,Ringebu
514,513,1866,Lom
514,514,1866,Lom
522,522,1879,Gausdal
522,523,1879,Gausdal
534,534,1897,Gran
534,535,1897,Gran
532,532,1898,Jevnaker
532,533,1898,Jevnaker
515,515,1908,Vågå
515,516,1908,Vågå
515,517,1908,Vågå
529,529,1908,Vestre Toten
529,530,1908,Vestre Toten
529,531,1908,Vestre Toten
525,525,1910,Biri
525,526,1910,Biri
536,536,1914,Søndre Land
536,537,1914,Søndre Land
538,538,1914,Nordre Land
538,539,1914,Nordre Land
518,516,1977,Fron
518,519,1977,Fron
522,522,1962,Østre Gausdal
523,522,1962,Vestre Gausdal
534,534,1962,Gran(unntatt Furulund krets)
535,534,1962,Brandbu
536,536,1962,Søndre Land
537,536,1962,Fluberg(Tranlia krets og eiendommen Store Røen
538,538,1962,Nordre Land
539,538,1962,Torpa
501,501,1964,Lillehammer
524,501,1964,Fåberg
502,502,1964,Gjøvik
525,502,1964,Biri
526,502,1964,Snertingdal
527,502,1964,Vardal(unntatt Sørligrenda)
528,528,1964,Østre Toten
531,528,1964,Kolbu
527,529,1964,Vardal (Sørligrenda)
529,529,1964,Vestre Toten
530,529,1964,Eina
534,529,1964,Gran
515,517,1964,Vågå
516,517,1965,Heidal
517,517,1965,Sel
518,518,1966,Nord-Fron
519,518,1966,Sør-Fron
540,541,1894,Sør-Aurdal
542,541,1894,Nord-Aurdal
613,601,1852,Norderhov(Norderhoug)
613,613,1852,Norderhov(Norderhoug)
613,613,1857,Norderhov(Norderhoug)
613,614,1857,Norderhov(Norderhoug)
632,632,1858,Rollag
632,633,1858,Rollag
619,619,1877,Ål
619,620,1877,Ål
624,624,1885,Eiker
624,625,1885,Eiker
617,617,1897,Gol
617,618,1897,Gol
621,621,1901,Sigdal
621,622,1901,Sigdal
633,633,1901,Nore
633,634,1901,Nore
616,615,1905,Nes
616,616,1905,Nes
629,629,1908,Sandsvær
629,630,1908,Sandsvær
612,611,1916,Hole
612,612,1916,Hole
680,711,1838,Strømm
601,605,1977,Ringerike
601,612,1977,Ringerike
680,711,1838,Strømm
711,711,1838,Svelvik
681,712,1843,Strømsgodset
712,712,1843,Skoger
633,633,1962,Nore
634,633,1962,Uvdal
601,601,1964,Hønefoss
611,601,1964,Tyristrand
613,601,1964,Norderhov
614,601,1964,Ådal
622,601,1964,Krødsherad
604,604,1964,Kongsberg
629,604,1964,Ytre Sandsvær
630,604,1964,Øvre Sandsvær
602,602,1964,Drammen
712,602,1964,Skoger
634,634,1932,Opdal
711,701,1845,Strømm
711,711,1845,Strømm
717,703,1858,Borre
717,717,1858,Borre
702,702,1964,Holmestrand
715,702,1964,Botne
701,711,1964,Svelvik
711,711,1964,Strømm
704,717,1965,Åsgårdstrand
717,717,1965,Borre
721,717,1965,Sem(Stang)
706,706,1968,Sandefjord
724,706,1968,Sandar
707,709,3214,Larvik
708,709,3214,Stavern
725,709,3214,Tjølling
726,709,3214,Brunlanes
727,709,3214,Hedrum
705,704,3214,Tønsberg
721,704,3214,Sem
703,701,3214,Horten
717,701,3214,Borre
701,701,2002,Borre
716,716,2002,Våle
718,716,2002,Ramnes
706,710,2017,Sandefjord
719,710,2017,Andebu
720,710,2017,Stokke
798,708,1943,Stavern
821,820,1867,Bø
821,821,1867,Bø
0.0824,824,1886,Gransherad
0.0824,825,1886,Gransherad
816,815,1882,Sannidal
816,816,1882,Sannidal
823,807,1913,Heddal
823,823,1913,Heddal
801,815,1960,Kragerø
815,815,1960,Skåtøy
816,815,1960,Sannidal
726,805,1964,Brunlanes
727,805,1964,Hedrum
804,805,1964,Brevik
805,805,1964,Porsgrunn
813,805,1964,Eidanger
806,806,1964,Skien
812,806,1964,Gjerpen
818,806,1964,Solum
819,806,1964,Holla (Valebø krets)
807,807,1964,Notodden
823,807,1964,Heddal
824,807,1964,Gransherad
825,807,1964,Hovin(Rudsgrend)
802,814,1964,Langesund
803,814,1964,Stathelle
814,814,1964,Bamble
819,819,1964,Holla(unntatt Valebø krets)
820,819,1964,Lunde
825,826,1964,Hovin(unntatt Rudsgrend)
826,826,1964,Tinn
832,833,1964,Mo
833,833,1964,Lårdal
834,834,1964,Vinje
835,834,1964,Rauland
834,835,1860,Vinje(Rauland sogn)
833,835,1860,"Tokke(Lårdal,Øyfjell sogn)"
826,824,1860,Tinn(Hovin sogn)
827,824,1860,Hjartdal (Gransherad sogn
920,920,1846,Øyestad
920,923,1846,Øyestad
920,919,1850,Øyestad
920,920,1850,Øyestad
926,926,1865,Vestre Moland
926,927,1865,Vestre Moland
929,929,1876,Åmli
929,932,1876,Åmli
934,934,1877,Evje og Vegusdal
934,937,1877,Evje og Vegusdal
918,918,1878,Austre Moland
918,990,1878,Austre Moland
918,921,1878,Austre Moland
920,920,1881,Øyestad
920,922,1881,Øyestad
935,935,1886,Hornnes og Iveland
935,936,1886,Hornnes og Iveland
915,915,1902,Dypvåg
915,916,1902,Dypvåg
940,940,1902,Valle
940,941,1902,Valle
929,929,1908,Åmli
929,930,1908,Åmli
929,931,1908,Åmli
940,939,1915,Valle
940,940,1915,Valle
918,917,1919,Austre Moland
918,918,1919,Austre Moland
903,903,1902,Arendal
990,903,1902,Barbu
902,914,1960,Tvedestrand
914,914,1960,Holt
915,914,1960,Dypvåg
929,929,1960,Åmli
930,929,1960,Gjøvdal
936,937,1960,Hornnes
937,937,1960,Evje
914,918,1962,Tvedestrand
916,918,1962,Flosta
917,918,1962,Stokken
918,918,1962,Austre Moland
920,924,1962,Øyestad
924,924,1962,Landvik
925,924,1962,Eide
905,926,1962,Lillesand
925,926,1962,Eide
926,926,1962,Vestre Moland
927,926,1962,Høvåg
939,940,1962,Hylestad
940,940,1962,Valle
901,901,1964,Risør
913,901,1964,Søndeled
919,919,1967,Froland
932,919,1967,Mykland
928,928,1967,Birkenes
933,928,1967,Herefoss
934,928,1967,Vegusdal
929,929,1967,Åmli
931,929,1967,Tovdal
904,904,1971,Grimstad
923,904,1971,Fjære
924,904,1971,Landvik
903,906,3360,Arendal
918,906,3360,Moland
920,906,3360,Øyestad
921,906,3360,Tromøy
922,906,3360,Hisøy
1027,1027,1845,Undal
1027,1029,1845,Undal
1045,1045,1849,Bakke
1045,1046,1849,Bakke
1037,1036,1858,Kvinesdal
1037,1037,1858,Kvinesdal
1002,1002,1864,Mandal
1002,1019,1864,Mandal
1016,1014,1865,Øvrebø
1016,1016,1865,Øvrebø
1042,1042,1893,Nes og Hidra
1042,1043,1893,Nes og Hidra
1039,1039,1893,Herad
1039,1040,1893,Herad
1012,1011,1893,Oddernes
1012,1012,1893,Oddernes
1045,1044,1893,Bakke
1045,1045,1893,Bakke
1016,1015,1896,Øvrebø og Hægeland
1016,1016,1896,Øvrebø og Hægeland
1029,1029,1899,Sør-Undal
1029,1030,1899,Sør-Undal
1021,1021,1899,Øyslebø og Laudal
1021,1022,1899,Øyslebø og Laudal
1037,1037,1900,Kvinesdal
1037,1038,1900,Kvinesdal
1024,1024,1902,Bjelland og Grindheim
1024,1025,1902,Bjelland og Grindheim
1046,1046,1905,Sirdal
1046,1047,1905,Sirdal
1032,1031,1909,Lyngdal
1032,1032,1909,Lyngdal
1032,1033,1909,Lyngdal
1027,1027,1911,Nord-Audnedal
1018,1018,1913,Søgne
1018,1017,1913,Søgne
1034,1034,1916,Hægebostad
1034,1035,1916,Hægebostad
1036,1037,1841,Fjotland
1037,1037,1841,Kvinesdal
1045,1046,1960,Bakke
1046,1046,1960,Tonstad
1047,1046,1960,Øvre Sirdal
1030,1032,1963,Spangereid
1031,1032,1963,Austad
1032,1032,1963,Lyngdal
1033,1032,1963,Kvås
1034,1034,1963,Hægebostad
1035,1034,1963,Eiken
1036,1037,1963,Fjotland
1037,1037,1963,Kvinesdal
1038,1037,1963,Feda
1002,1002,1964,Mandal
1019,1002,1964,Halse og Harkmark
1020,1002,1964,Holum
1014,1014,1964,Vennelsa
1015,1014,1964,Hægeland
1016,1014,1964,Øvrebø
1017,1017,1964,Greipstad
1023,1017,1964,Finsland
1021,1021,1964,Øyslebø
1022,1021,1964,Laudal
1023,1021,1964,Finsland
1024,1021,1964,Bjelland
1024,,1964,Bjelland
1025,1027,1964,Grindheim
1027,1027,1964,Konsmo
1028,1029,1964,Vigmostad
1029,1029,1964,Sør-Audnedal
1030,1029,1964,Spangereid
1001,1001,1965,Kristiansand
1011,1001,1965,Randesund
1012,1001,1965,Oddernes
1013,1001,1965,Tveit
1003,1003,1965,Farsund
1039,1003,1965,Herad
1040,1003,1965,Herad
1041,1003,1965,Lista
1004,1004,1965,Flekkefjord
1042,1004,1965,Hidra
1043,1004,1965,Nes
1044,1004,1965,Gyland
1045,1004,1965,Bakke
1116,1116,1839,Eigersund
1116,1117,1839,Eigersund
1134,1134,1842,Suldal
1134,1135,1842,Suldal
1111,1107,1845,Sokndal
1111,1107,1845,Sokndal
1154,1146,1849,Skjold
1154,1154,1849,Skjold
1150,1145,1849,Skudenes
1150,1150,1849,Skudenes
1152,1106,1855,Torvastad
1152,1152,1855,Torvastad
1150,1104,1858,Skudenes
1150,1150,1858,Skudenes
1133,1131,1859,Hjelmeland
1133,1133,1859,Hjelmeland
1138,1136,1859,Jelsa
1138,1138,1859,Jelsa
1123,1102,1861,Høyland
1123,1123,1861,Høyland
1130,1130,1865,Strand
1130,1128,1865,Strand
1147,1105,1866,Avaldsnes
1147,1147,1866,Avaldsnes
1139,1139,1868,Nedstrand
1139,1140,1868,Nedstrand
1128,1128,1871,Høgsfjord
1128,1129,1871,Høgsfjord
1152,1152,1881,Torvastad
1152,1153,1881,Torvastad
1142,1142,1884,Rennesøy
1142,1143,1884,Rennesøy
1133,1132,1884,Hjelmeland og Fister
1133,1133,1884,Hjelmeland og Fister
1154,1154,1891,Skjold
1154,1155,1891,Skjold
1150,1149,1892,Skudenes
1150,1150,1892,Skudenes
1119,1118,1894,Hå
1119,1119,1894,Hå
1147,1147,1909,Avaldsnes
1147,1148,1909,Avaldsnes
1138,1137,1914,Jelsa
1138,1138,1914,Jelsa
1126,1126,1922,Hetland
1126,1127,1922,Hetland
1157,1156,1923,Vikedal
1157,1157,1923,Vikedal
1157,1158,1923,Vikedal
1143,1143,1923,Mosterøy
1143,1144,1923,Mosterøy
1152,1151,1924,Torvastad
1152,1152,1924,Torvastad
1124,1124,1930,Håland
1124,1125,1930,Håland
1107,1111,1944,Sogndal
1111,1111,1944,Sokndal
1106,1106,1958,Haugesund
1153,1106,1958,Skåre
1117,1119,1964,Ogna
118,1119,1964,Varhaug
1119,1119,1964,Nærbø
1101,1101,1965,Egersund
1113,1101,0119,Heskestad
1115,1101,1965,Helleland
1116,1101,1965,Eigersund
1102,1102,1965,Sandnes
1123,1102,1965,Høyland
1126,1102,1965,Hetland
1128,1102,1965,Høle
1103,1103,1965,Stavanger
1125,1103,1965,Madla
1126,1103,1965,Hetland
1112,1112,1965,Lund
1113,1112,1965,Heskestad
1114,1122,1965,Bjerkreim
1122,1122,1965,Gjestdal
1128,1122,1965,Oltesvik
1129,1122,1965,Forsand
1130,1130,1965,Strand
1131,1130,1965,Årdal
1131,1133,1965,Årdal
1132,1133,1965,Fister
1133,1133,1965,Hjelmeland
1138,1133,1965,Jelsa
1134,1134,1965,Suldal
1136,1134,1965,Sand
1137,1134,1965,Erfjord
1138,1134,1965,Jelsa
1156,1134,1965,Imsland
1132,1141,1965,Fister
1138,1141,1965,Jelsa
1140,1141,1965,Sjernarøy
1141,1141,1965,Finnøy
1142,1142,1965,Rennesøy
1143,1142,1965,Mosterøy
1139,1146,1965,Nedstrand
1146,1146,1965,Tysvær
1147,1146,1965,Avaldsnes
1154,1146,1965,Skjold
1155,1146,1965,Vats
1157,1146,1965,Vikedal
1104,1149,1965,Skudeneshavn
1105,1149,1965,Kopervik
1147,1149,1965,Avaldsnes
1148,1149,1965,Stangaland
1149,1149,1965,Åkra
1150,1149,1965,Skudenes
1152,1149,1965,Torvastad
1154,1154,1965,Skjold
1155,1154,1965,Vats
1156,1154,1965,Imsland
1157,1154,1965,Vikedal
1158,1154,1965,Sandeid
1154,1160,2006,Vindafjord
1159,1160,2006,Ølen
1128,1128,0118,Høgsfjord
1139,1139,1881,Hinderaa
1243,1241,1856,Os
1243,1243,1856,Os
1226,1226,1845,Strandebarm
1226,1227,1845,Strandebarm
1221,1221,1863,Stord
1221,1222,1863,Stord
1221,1217,1868,Stord
1221,1221,1868,Stord
1235,1235,1868,Voss
1235,1236,1868,Voss
1250,1250,1870,Haus
1250,1251,1870,Haus
1261,1258,1871,Manger
1261,1261,1871,Manger
1263,1263,1879,Lindås
1263,1266,1879,Lindås
1235,1235,1885,Voss
1235,1237,1885,Voss
1257,1253,1885,Hammer og Hosanger
1257,1254,1885,Hammer og Hosanger
1257,1257,1885,Hammer og Hosanger
1245,1244,1886,Sund
1245,1245,1886,Sund
1233,1232,1891,Ulvik
1233,1233,1891,Ulvik
1233,1234,1891,Ulvik
1226,1225,1902,Strandebarm
1226,1226,1902,Strandebarm
1216,1215,1902,Sveio
1216,1216,1902,Sveio
1241,1239,1903,Fusa
1241,1240,1903,Fusa
1241,1241,1903,Fusa
1254,1254,1904,Hammer
1254,1255,1904,Hammer
1243,1242,1907,Os
1243,1243,1907,Os
1263,1263,1910,Lindås
1263,1264,1910,Lindås
1253,1252,1910,Hosanger
1253,1253,1910,Hosanger
1261,1259,1910,Manger
1261,1261,1910,Manger
1230,1228,1913,Ullensvang
1230,1230,1913,Ullensvang
1230,1231,1913,Ullensvang
1218,1218,1916,Finnås
1218,1219,1916,Finnås
1218,1220,1916,Finnås
1213,1213,1916,Fjelberg
1213,1214,1916,Fjelberg
1247,1247,1918,Askøy
1247,1248,1918,Askøy
1257,1256,1923,Alversund
1257,1257,1923,Alversund
1261,1260,1924,Manger
1261,1261,1924,Manger
1261,1262,1924,Manger
1264,1264,1947,Austrheim
1264,1265,1947,Austrheim
1230,1231,1977,Ullensvang
1230,1232,1977,Ullensvang
1213,1231,1855,Fjelberg
1282,1231,1855,Eid
1281,1301,1877,Bergen landdistrikt
1301,1301,1877,Bergen
1280,1301,1915,Årstad
1301,1301,1915,Bergen
1218,1219,1963,Mosterøy
1219,1219,1963,Bømlo
1220,1219,1963,Bremnes
1214,1214,1964,Ølen
1215,1214,1964,Vikebygd
1154,1216,1964,Skjold
1215,1216,1964,Vikebygd
1216,1216,1964,Sveio
1217,1216,1964,Valestrand
1228,1228,1964,Odda
1229,1228,1964,Røldal
1230,1230,1964,Ullensvang
1231,1230,1964,Kinsarvik
1232,1230,1964,Eidfjord
1235,1235,1964,Voss
1236,1235,1964,Vossestrand
1237,1235,1964,Evanger
1239,1241,1964,Hålandsdal
1240,1241,1964,Strandvik
1241,1241,1964,Fusa
1222,1244,1964,Fitjar
1244,1244,1964,Austevoll
1246,1246,1964,Fjell
1258,1246,1964,Herdla
1247,1247,1964,Askøy
1256,1247,1964,Meland
1258,1247,1964,Herdla
1237,1251,1964,Evanger
1251,1251,1964,Bruvik
1252,1251,1964,Modalen
1250,1253,1964,Haus
1251,1253,1964,Bruvik
1253,1253,1964,Hosanger
1254,1253,1964,Hamre
1254,1256,1964,Hamre
1256,1256,1964,Meland
1258,1256,1964,Herdla
1262,1256,1964,Sæbø
1258,1259,1964,Herdla
1259,1259,1964,Hjelme
1258,1260,1964,Herdla
1260,1260,1964,Hordabø
1261,1260,1964,Manger
1262,1260,1964,Sæbø
1263,1260,1964,Lindås
1264,1260,1964,Austrheim
1252,1263,1964,Modalen
1253,1263,1964,Hosanger
1254,1263,1964,Hamre
1257,1263,1964,Alversund
1262,1263,1964,Sæbø
1263,1263,1964,LIndås
1211,1211,1965,Etne
1212,1211,1965,Skånevik
1212,1224,1965,Skånevik
1213,1224,1965,Fjelberg
1224,1224,1965,Kvinnherad
1225,1224,1965,Varaldsøy(unntatt del av Mundheim krets)
1226,1227,1965,Strandebarm
1227,1227,1965,Jondal
1225,1238,1965,Varaldsøy
1226,1238,1965,Strandebarm
1227,1238,1965,Jondal
1238,1238,1965,Kvam
1248,1201,1972,Laksevåg
1249,1201,1972,Fana
1250,1201,1972,Arna
1255,1201,1972,Åsane
1301,1201,1972,Bergen
1214,1159,2002,Ølen
1218,1216,1865,Finnås
1213,1216,1865,Fjeldberg
1233,1233,1859,Granvin
1230,1230,1870,Kinsarvik
1260,1260,1925,Bømlo
1250,1250,1964,Haus
1447,1447,1843,Innvik
1447,1448,1843,Innvik
1419,1418,1850,Leikanger
1419,1419,1850,Leikanger
1411,1411,1850,Evenvik
1411,1414,1850,Evenvik
1411,1411,1858,Evenvik
1411,1412,1858,Evenvik
1415,1415,1858,Lavik
1415,1416,1858,Lavik
1437,1401,1861,Kinn
1437,1437,1861,Kinn
1428,1413,1862,Askvoll
1428,1428,1862,Askvoll
1422,1422,1863,Lærdal
1422,1424,1863,Lærdal
1422,1422,1864,Lærdal
1422,1423,1864,Lærdal
1437,1437,1866,Kinn
1437,1438,1866,Kinn
1443,1443,1867,Eid
1443,1444,1867,Eid
1445,1445,1886,Gloppen
1445,1446,1886,Gloppen
1432,1432,1896,Førde
1432,1433,1896,Førde
1415,1414,1905,Lavik og Brekke
1415,1415,1905,Lavik og Brekke
1441,1439,1910,Selje
1441,1440,1910,Selje
1441,1441,1910,Selje
1437,1435,1923,Kinn
1437,1436,1923,Kinn
1437,1437,1923,Kinn
1448,1444,1977,Stryn
1448,1449,1977,Stryn
1414,1415,1861,Brekke
1415,1415,1861,Lavik
1425,1426,1963,Hafslo
1426,1426,1963,Luster
1427,1426,1963,Jostedal
1401,1401,1964,Florø
1434,1401,1964,Vevring
1435,1401,1964,Eikefjord
1436,1401,1964,Bru
1437,1401,1964,Kinn
1438,1401,1964,Bremanger
1411,1411,1964,Gulen
1414,1411,1964,Brekke
1415,1416,1964,Lavik
1416,1416,1964,Kyrkjebø
1417,1416,1964,Vik
1417,1417,1964,Vik
1418,1417,1964,Balestrand
1417,1418,1964,Vik
1418,1418,1964,Balestrand
1418,1419,1964,Balestrand
1419,1419,1964,Leikanger
1422,1422,1964,Lærdal
1423,1422,1964,Borgund
1424,1422,1964,Årdal
1428,1428,1964,Askvoll
1434,1428,1964,Vevring
1436,1428,1964,Bru
1433,1433,1964,Naustdal
1434,1433,1964,Vevring
1439,1439,1964,Sør-Vågsøy
1440,1439,1964,Nord-Vågsøy
1441,1439,1964,Selje
1442,1439,1964,Davik
1445,1445,1964,Gloppen
1446,1445,1964,Breim
1438,1438,1965,Bremanger
1442,1438,1965,Davik
1442,1443,1954,Davik
1443,1443,1965,Eid
1444,1443,1965,Hornindal
1444,1448,1965,Hornindal
1445,1448,1965,Gloppen
1447,1448,1965,Innvik
1448,1448,1965,Stryn
1411,1411,1890,Evenvik
1412,1412,1890,Utvær
1416,1416,1890,Klævold
1412,1412,1923,Sulen
1531,1531,1849,Borgund
1531,1529,1849,Borgund
1563,1561,1854,Sunndal
1563,1563,1854,Sunndal
1566,1566,1858,Surnadal
1566,1567,1858,Surnadal
1560,1559,1866,Tingvoll
1560,1560,1866,Tingvoll
1515,1514,1867,Herøy
1545,1545,1867,Aukra
1545,1546,1867,Aukra
1573,1572,1874,Edøy
1573,1573,1874,Edøy
1537,1537,1874,Eid og Voll
1537,1538,1874,Eid og Voll
1519,1519,1883,Volda
1519,1520,1883,Volda
1527,1527,1883,Ørskog
1527,1528,1883,Ørskog
1534,1533,1890,Haram
1534,1534,1890,Haram
1543,1542,1890,Nesset
1543,1543,1890,Nesset
1525,1525,1892,Stranda
1525,1526,1892,Stranda
1569,1569,1894,Aure
1569,1570,1894,Aure
1516,1516,1895,Ulstein
1516,1521,1895,Ulstein
1564,1564,1895,Stangvik
1564,1565,1895,Stangvik
1553,1551,1897,Kvernes
1553,1552,1897,Kvernes
1553,1553,1897,Kvernes
1553,1554,1897,Kvernes
1535,1535,1899,Vestnes
1535,1536,1899,Vestnes
1561,1561,1899,Øksendal
1561,1562,1899,Øksendal
1539,1539,1902,Grytten
1539,1540,1902,Grytten
1529,1529,1902,Skodje
1529,1530,1902,Skodje
1514,1513,1905,Sande
1514,1514,1905,Sande
1531,1531,1908,Borgund
1531,1532,1908,Borgund
1569,1568,1914,Aure
1569,1569,1914,Aure
1573,1573,1915,Edøy
1573,1574,1915,Edøy
1573,1575,1915,Edøy
1516,1516,1917,Ulstein
1516,1517,1917,Ulstein
511,1511,1918,Vanylven
511,1512,1918,Vanylven
1549,1549,1918,Bud
1549,1550,1918,Bud
1545,1545,1924,Aukra
1545,1547,1924,Aukra
1519,1518,1924,Volda
1519,1519,1924,Volda
1501,1504,1977,Ålesund
1501,1531,1977,Ålesund
1527,1523,1977,Ørskog
1527,1526,1977,Ørskog
1527,1529,1977,Ørskog
1561,1563,1960,Øksendal
1562,1563,1960,Ålvundeid
1563,1563,1960,Sunndal
1573,1573,1960,Edøy
1574,1573,1960,Brattvær
1575,1573,1960,Hopen
1502,1502,1964,Molde
1541,1502,1964,Veøy
1544,1502,1964,Bolsøy
1547,1502,1964,Nord-Aukra
1503,1503,1964,Kristiansund
1554,1503,1964,Bremsnes
1555,1503,1964,Grip
1511,1511,1964,Vanylven
1512,1511,1964,Syvde
1513,1511,1964,Rovde
1513,1514,1964,Rovde
1514,1514,1964,Sande
1515,1514,1964,Herøy
1515,1516,1964,Herøy
1516,1516,1964,Ulstein
1518,519,1964,Dalsfjord
1519,519,1964,Volda
1520,1520,1964,Ørsta
1521,1520,1964,Vartdal
1522,1520,1964,Hjørundfjord
1532,1532,1964,Giske
1533,1532,1964,Vigra
1535,1535,1964,Vestnes
1536,1535,1964,Tresfjord
1537,1539,1964,Voll
1538,1539,1964,Eid
1539,1539,1964,Grytten
1540,1539,1964,Hen
1541,1539,1964,Veøy
1542,1543,1964,Eresfjord og Vistdal
1543,1543,1964,Nesset
1519,1548,1964,Volda
1549,1548,1964,Bud
1550,1548,1964,Hustad
1552,1554,1964,Kornstad
1553,1554,1964,Kvernes
1554,1554,1964,Bremsnes
1556,1556,1964,Frei
1554,1556,1964,Bremsnes
1556,1560,1964,Frei
1559,1560,1964,Straumsnes
1560,1560,1964,Tingvoll
1523,1525,1965,Sunnylven
1525,1525,1965,Stranda
1526,1527,1965,Stordal
1527,1527,1965,Ørskog
1529,1527,1965,Skodje
1530,1534,1965,Vatne
1531,1534,1965,Borgund
1534,1534,1965,Haram
1530,1545,1965,Vatne
1545,1545,1965,Sør-Aukra
1534,1546,1965,Haram
1546,1546,1965,Sandøy
1557,1557,1965,Gjemnes
1558,1557,1965,Øre
1560,1557,1965,Tingvoll
1564,1569,1965,Stangvk
1565,1569,1965,Åsskard
1566,1569,1965,Surnadal
1568,1569,1965,Stemshaug
1569,1569,1965,Aure
1570,1569,1965,Valsøyfjord
1572,1569,1965,Tustna
1570,1571,1965,Valsøyfjord
1571,1571,1965,Halsa
1501,1501,1968,Ålesund
1531,1501,1968,Borgund
1569,1576,2006,Aure
1572,1576,2006,Tustna
1503,1505,2008,Kristiansund
1556,1505,2008,Frei
1556,1557,1893,Frei
1553,1557,1893,Kvernes
1558,1557,1893,Øre
,1555,1897,
1536,1536,1922,Sylte
1547,1547,1965,Nord-Aukra
1636,1635,1839,Meldal
1636,1636,1839,Meldal
1645,1645,1841,Holtaalen
1645,1646,1841,Holtaalen
1648,1648,1841,Støren
1648,1649,1841,Støren
1648,1650,1841,Støren
1621,1621,1853,Ørland
1621,1627,1853,Ørland
1645,1644,1855,Holtaalen
1645,1645,1855,Holtaalen
1655,1655,1855,Byneset
1655,1656,1855,Byneset
1625,1624,1860,Stadsbygd
1625,1625,1860,Stadsbygd
1653,1651,1865,Melhus
1653,1653,1865,Melhus
1617,1617,1877,Hitra
1617,1619,1877,Hitra
1648,1647,1879,Støren
1648,1648,1879,Støren
1653,1652,1880,Melhus
1653,1653,1880,Melhus
1617,1616,1886,Hitra
1617,1617,1886,Hitra
1658,1657,1890,Børsa
1658,1658,1890,Børsa
1660,1660,1891,Strinda
1660,1663,1891,Strinda
1632,1631,1892,Bjørnør
1632,1632,1892,Bjørnør
1632,1633,1892,Bjørnør
1630,1629,1896,Åfjord
1630,1630,1896,Åfjord
1621,1621,1896,Ørland
1621,1622,1896,Ørland
1627,1626,1899,Bjugn
1627,1627,1899,Bjugn
1627,1628,1899,Bjugn
1662,1661,1899,Klæbu
1662,1662,1899,Klæbu
1664,1664,1901,Selbu
1664,1665,1901,Selbu
1624,1623,1905,Rissa
1624,1624,1905,Rissa
1658,1658,1905,Børsa
1658,1659,1905,Børsa
1619,1619,1906,Frøya
1619,1620,1906,Frøya
1612,1612,1911,Hemne
1612,1614,1911,Hemne
1617,1617,1913,Hitra
1617,1618,1913,Hitra
1616,1615,1914,Fillan
1616,1616,1914,Fillan
1638,1637,1920,Orkdal
1638,1638,1920,Orkdal
1638,1639,1920,Orkdal
1612,1611,1924,Hemne
1612,1612,1924,Hemne
1612,1613,1924,Hemne
1640,1640,1926,Røros
1640,1641,1926,Røros
1640,1642,1926,Røros
1640,1643,1926,Røros
1637,1638,1963,Orkland
1638,1638,1963,Orkdal
1639,1638,1963,Orkanger
1659,1638,1963,Geitastrand
1601,1601,1964,Trondheim
1654,1601,1964,Leinstrand
1655,1601,1964,Byneset
1660,1601,1964,Strinda
1661,1601,1964,Tiller
1611,1612,1964,Vinje
1612,1612,1964,Hemne
1614,1612,1964,Heim
1613,1613,1964,Snillfjord
1614,1613,1964,Heim
1622,1613,1964,Agdenes
1615,1617,1964,Sandstad
1616,1617,1964,Fillan
1617,1617,1964,Hitra
1618,1617,1964,Kvenvær
1619,1620,1964,Sør-Frøya
1620,1620,1964,Nord-Frøya
1622,1622,1964,Agdenes
1623,1622,1964,Lensvik
1625,1622,1964,Stadsbygd
1624,1624,1964,Rissa
1625,1624,1964,Stadsbygd
1626,1624,1964,Stjørna
1626,1627,1964,Stjørna
1627,1627,1964,Bjugn
1628,1627,1964,Nes
1629,1627,1964,Jøssund
1630,1630,1964,Åfjord
1631,1630,1964,Stoksund
1640,1640,1964,Røros
1641,1640,1964,Røros landsogn
1642,1640,1964,Brekken
1643,1640,1964,Glåmos
1646,1640,1964,Singsås
1647,1640,1964,Budal
1648,1640,1964,Støren
1649,1640,1964,Soknedal
1650,1653,1964,Horg
1651,1653,1964,Hølunda
1652,1653,1964,Flå
1653,1653,1964,Melhus
1656,1653,1964,Buvik
1656,1657,1965,Buvik
1657,1657,1965,Skaun
1658,1657,1965,Børsa
1644,1644,1972,Ålen
1645,1644,1972,Haltdalen
1622,1622,1897,Værnes
1745,1703,1846,Vemundvik
1745,1745,1846,Vemundvik
1714,1711,1850,Stjørdalen
1714,1714,1850,Stjørdalen
1720,1701,1856,Levanger
1720,1720,1856,Levanger
1734,1702,0118,Stod
1734,1720,0118,Stod
1752,1752,1860,Kolvereid
1752,1755,1860,Kolvereid
1722,1722,1867,Ytterøy
1722,1723,1867,Ytterøy
1734,1733,1869,Stod
1734,1734,1869,Stod
1751,1750,1869,Nærøy
1751,1751,1869,Nærøy
1748,1748,1871,Fosnes
1748,1749,1871,Fosnes
1711,1711,1874,Øvre Stjørdal
1711,1712,1874,Øvre Stjørdal
1736,1736,1874,Snåsa
1736,1737,1874,Snåsa
1731,1731,1885,Sparbu
1731,1732,1885,Sparbu
1742,1742,1886,Kolvereid
1742,1743,1886,Kolvereid
1745,1745,1891,Vemundvik
1745,1746,1891,Vemundvik
1742,1742,1901,Grong
1742,1743,1901,Grong
1723,1723,1901,Mosvik og Verran
1723,1724,1901,Mosvik og Verran
1714,1713,1902,Nedre Stjørdal
1714,1714,1902,Nedre Stjørdal
1714,1715,1902,Nedre Stjørdal
1727,1725,1904,Beitstad
1727,1727,1904,Beitstad
1729,1728,1907,Inderøy
1729,1729,1907,Inderøy
1729,1730,1907,Inderøy
1734,1734,1909,Stod
1734,1735,1909,Stod
1755,1754,1909,Leka
1748,1747,1913,Fosnes
1748,1748,1913,Fosnes
1727,1726,1913,Beitstad
1727,1727,1913,Beitstad
1737,1737,1915,Lierne
1737,1738,1915,Lierne
1742,1739,1923,Grong
1742,1740,1923,Grong
1742,1741,1923,Grong
1742,1742,1923,Grong
1712,1714,1962,Hegra
1713,1714,1962,Lånke
1714,1714,1962,Stjørdalen
1715,1714,1962,Skatval
1701,1719,1962,Levanger
1716,1719,1962,Åsen
1719,1719,1962,Skogn
1720,1719,1962,Frol
1728,1729,1962,Sandvollan
1729,1729,1962,Inderøy
1730,1729,1962,Røra
1702,1702,1964,Steinkjer
1727,1702,1964,Beitstad
1731,1702,1964,Sparbu
1732,1702,1964,Ogndal
1733,1702,1964,Egge
1734,1702,1964,Stod
1735,1702,1964,Kvam
1703,1703,1964,Namsos
1745,1703,1964,Vemundvik
1746,1703,1964,Klinga
1747,1703,1964,Otterøy
1748,1703,1964,Fosnes
1719,1719,1964,Levanger
1722,1719,1964,Ytterøy
1724,1724,1964,Verran
1726,1724,1964,Malm
1725,1725,1964,Namdalseid
1747,1725,1964,Otterøy
1737,1738,1964,Sørli
1738,1738,1964,Nordli
1741,1742,1964,Harran
1742,1742,1964,Grong
1743,1743,1964,Høylandet
1753,1743,1964,Foldereid
1751,1751,1964,Nærøy
1752,1751,1964,Kolvereid
1754,1751,1964,Gravvik
1753,1751,1964,Foldereid
1723,1756,2012,Mosvik
1729,1756,2012,Inderøy
1732,1732,1900,Skei
1736,1736,2010,Snåsa
1739,1739,2014,Røyrvik
1838,1838,1853,Gildeskål
1838,1839,1853,Gildeskål
1865,1864,1856,Vågan
1865,1865,1856,Vågan
1820,1817,1862,Alstahaug
1820,1820,1862,Alstahaug
1824,1820,1862,Vefsn
1824,1826,1862,Vefsn
1820,1818,1864,Alstahaug
1820,1820,1864,Alstahaug
1851,1850,1869,Lødingen
1851,1851,1869,Lødingen
1834,1834,1872,Lurøy
1834,1835,1872,Lurøy
1824,1802,1875,Vefsn
1824,1824,1875,Vefsn
1814,1813,1875,Brønnøy
1814,1814,1875,Brønnøy
1836,1836,1884,Rødøy
1836,1837,1884,Rødøy
1853,1853,1884,Ofoten
1853,1855,1884,Ofoten
1845,1845,1887,Folden
1845,1846,1887,Folden
1828,1827,1888,Nesna
1828,1828,1888,Nesna
1820,1820,1899,Alstahaug
1820,1821,1899,Alstahaug
1848,1847,1900,Steigen
1848,1848,1900,Steigen
1814,1814,1901,Brønnøy
1814,1812,1901,Brønnøy
1855,1805,1902,Ankenes
1855,1855,1902,Ankenes
1842,1841,1905,Skjerstad
1842,1842,1905,Skjerstad
1846,1844,1906,Norfold-Kjerringøy
1846,1846,1906,Norfold-Kjerringøy
1851,1851,1909,Lødingen
1851,1852,1909,Lødingen
1821,1821,1915,Stamnes
1821,1822,1915,Stamnes
1817,1816,1916,Tjøtta
1817,1817,1916,Tjøtta
1859,1858,1916,Flakstad
1859,1859,1916,Flakstad
1818,1818,1917,Herøy
1818,1819,1917,Herøy
1832,1830,1918,Hemnes
1832,1832,1918,Hemnes
1865,1806,1918,Vågan
1865,1865,1918,Vågan
1860,1860,1919,Buksnes
1860,1861,1919,Buksnes
1868,1868,1919,Øksnes
1868,1869,1919,Øksnes
1814,1801,1923,Brønnøy
1814,1814,1923,Brønnøy
1833,1803,1923,Mo
1833,1833,1923,Mo
1872,1871,1924,Andøya
1872,1872,1924,Andøya
1872,1873,1924,Andøya
1853,1853,1925,Evenes
1853,1854,1925,Evenes
1824,1823,1927,Vefsn
1824,1824,1927,Vefsn
1824,1825,1927,Vefsn
1862,1862,1927,Borge
1862,1863,1927,Borge
1857,1856,1928,Værøy
1857,1857,1928,Værøy
1832,1829,1929,Hemnes
1832,1831,1929,Hemnes
1832,1832,1929,Hemnes
1858,1859,1976,Moskenes
1858,1874,1976,Moskenes
1814,1812,1977,Brønnøy
1814,1813,1977,Brønnøy
1802,1824,1962,Mosjøen
1823,1824,1962,Drevja
1824,1824,1962,Vefsn
1829,1824,1962,Elsfjord
1818,1827,1962,Herøy
1819,1827,1962,Nordvik
1827,1827,1962,Dønnes
1828,1827,1962,Nesna
1851,1854,1962,Lødingen
1854,1854,1962,Ballangen
1860,1860,1963,Buksnes
1861,1860,1963,Hol
1862,1860,1963,Borge
1863,1860,1963,Valberg
1866,1870,1963,Hadsel
1869,1870,1963,Langenes
1870,1870,1963,Sortland
1801,1814,1964,Brønnøysund
1811,1814,1964,Bindal
1812,1814,1964,Sømna
1813,1814,1964,Velfjord
1814,1814,1964,Brønnøy
1817,1822,1964,Tjøtta
1822,1822,1964,Leirfjord
1828,1822,1964,Nesna
1826,1832,1964,Hattfjelldal
1830,1832,1964,Korgen
1831,1832,1964,Sør-Rana
1832,1832,1964,Hemnes
1803,1833,1964,Mo
1828,1833,1964,Nesna
1831,1833,1964,Sør-Rana
1833,1833,1964,Nord-Rana
1843,1843,1964,Bodin
1844,1843,1964,Kjerringøy
1845,1843,1964,Sørfold
1845,1848,1964,Kjerringøy
1846,1848,1964,Norfold-Kjerringøy
1847,1848,1964,Leiranger
1848,1848,1964,Steigen
1849,1848,1964,Hamarøy
1851,1852,1964,Lødingen
1852,1852,1964,Tjeldsund
1853,1852,1964,Evenes
1858,1858,1964,Moskenes
1859,1858,1964,Flakstad
1806,1865,1964,Svolvær
1864,1865,1964,Gimsøy
1865,1865,1964,Vågan
1868,1868,1964,Øksnes
1869,1868,1964,Langenes
1871,1871,1964,Bjørnskinn
1872,1871,1964,Dverberg
1873,1871,1964,Andenes
1817,1820,1965,Tjøtta
1820,1820,1965,Alstahaug
1821,1820,1965,Sandnessjøen
1804,1804,1968,Bodø
1843,1804,1968,Bodin
1805,1805,1974,Narvik
1855,1805,1974,Ankenes
1804,1804,2005,Bodø
1842,1804,2005,Skjerstad
1849,1849,2011,Hamarøy
1850,1850,2011,Tysfjord
1841,1841,2016,Fauske
1931,1924,1848,Lenvik
1931,1931,1848,Lenvik
1917,1917,1854,Ibestad
1917,1922,1854,Ibestad
1931,1930,1855,Lenvik
1931,1931,1855,Lenvik
1934,1933,1860,Tromsøysund
1934,1934,1860,Tromsøysund
1941,1941,1863,Skjervøy
1941,1941,1863,Skjervøy
1941,1943,1863,Skjervøy
1917,1917,1871,Ibestad
1917,1921,1871,Ibestad
1933,1932,1871,Balsfjord
1933,1933,1871,Balsfjord
1941,1941,1886,Skjervøy
1941,1942,1886,Skjervøy
1927,1925,1886,Tranøy
1927,1926,1886,Tranøy
1927,1927,1886,Tranøy
1936,1935,1886,Karlsøy
1936,1936,1886,Karlsøy
1929,1928,1902,Berg
1929,1929,1902,Berg
1938,1937,1902,Lyngen
1938,1938,1902,Lyngen
1914,1901,1904,Trondenes
1914,1914,1904,Trondenes
1917,1917,1907,Ibestad
1917,1920,1907,Ibestad
1924,1923,1925,Målselv
1924,1924,1925,Målselv
1914,1912,1926,Trondenes
1914,1913,1926,Trondenes
1914,1914,1926,Trondenes
1917,1916,1926,Ibestad
1917,1917,1926,Ibestad
1917,1918,1926,Ibestad
1917,1919,1926,Ibestad
1938,1938,1929,Lyngen
1938,1939,1929,Lyngen
1938,1940,1929,Lyngen
1921,1920,1977,Salangen
1921,1923,1977,Salangen
1901,1901,1964,Harstad
1912,1901,1964,Sandtorg
1914,1901,1964,Trondenes
1902,1902,1964,Tromsø
1930,1902,1964,Hillesøy
1934,1902,1964,Tromsøysund
1937,1902,1964,Ullsfjord
1913,1913,1964,Skånland
1918,1913,1964,Astafjord
1913,1917,1964,Skånland
1916,1917,1964,Andørja
1917,1917,1964,Ibestad
1920,1921,1964,Lavangen
1921,1921,1964,Salangen
1923,1924,1964,Øverbygd
1924,1924,1964,Målselv
1932,1924,1964,Malangen
1933,1924,1964,Balsfjord
1926,1926,1964,Dyrøy
1927,1926,1964,Tranøy
1915,1927,1964,Bjarkøy
1927,1927,1964,Tranøy
1928,1927,1964,Torsken
1925,1931,1964,Sørreisa
1927,1931,1964,Tranøy
1930,1931,1964,Hillesøy
1931,1931,1964,Lenvik
1932,1933,1964,Malangen
1933,1933,1964,Balsfjord
1935,1936,1964,Helgøy
1936,1936,1964,Karlsøy
1936,1938,1964,Karlsøy
1937,1938,1964,Ullsfjord
1938,1938,1964,Lyngen
1901,1903,2013,Harstad
1915,1903,2013,Bjarkøy
1915,1915,1886,Sand
1940,1940,1994,Kåfjord
1939,1939,2014,Storfjord
1940,1940,2016,Kåfjord
2001,2001,1839,Hammerfest
2001,2018,1839,Hammerfest
2003,2003,1839,Vadsø
2003,2017,1839,Vadsø
2002,2002,1839,Vardø
2002,2018,1839,Vardø
2020,2011,1851,Kistrand
2020,2020,1851,Kistrand
2001,2001,1852,Hammerfest
2001,2016,1852,Hammerfest
2014,2014,1853,Loppa
2014,2015,1853,Loppa
2003,2003,1858,Vadsø
2003,2030,1858,Vadsø
2020,2019,1861,Kistrand
2020,2020,1861,Kistrand
2012,2012,1863,Alta
2012,2013,1863,Alta
2022,2022,1864,Lebesby
2022,2025,1864,Lebesby
2003,2003,1864,Vadsø
2003,2027,1864,Vadsø
2020,2020,1866,Kistrand
2020,2021,1866,Kistrand
2016,2016,1869,Hammerfest landdistrikt
2016,2017,1869,Hammerfest landdistrikt
2003,2003,1894,Vadsø
2003,2029,1894,Vadsø
2027,2026,1903,Nesseby
2027,2027,1903,Nesseby
2025,2023,1914,Tana
2025,2024,1914,Tana
2025,2025,1914,Tana
2003,2003,1858,Vadsø
2027,2003,1858,Nesseby
2003,2003,1964,Vadsø
2029,2003,1964,Nord-Varanger
2012,2012,1964,Alta
2013,2012,1964,Talvik
2025,2025,1964,Tana
2026,2025,1964,Polmak
2001,2004,3360,Hammerfest
2016,2004,3360,Sørøysund
2028,2028,1955,Vardø landsogn
2020,2020,1964,Kistrand
2011,2011,1987,Kautokeino
2021,2021,1988,Karasjok
2025,2025,1992,Tana
2027,2027,,Nesseby
2020,2020,2004,Porsanger
